artifact_name,year,lat,lon,image_link
"Aphrodite, known as the ""Venus de Milo""",1821.0,48.8606111,2.337644,https://www.louvre.fr/sites/default/files/imagecache/140x87/medias/medias_images/images/louvre-aphrodite-dite-venus-milo_0.jpg?1527823809
"The ""Regent"" Diamond",1887.0,48.8606111,2.337644,https://www.louvre.fr/sites/default/files/imagecache/140x87/medias/medias_images/images/louvre-diamant-dit-quotle-regentquot.jpg?1527828413
"Horse Restrained by a Groom, called ""Horse of Marly""",1802.0,48.8606111,2.337644,https://www.louvre.fr/sites/default/files/imagecache/140x87/medias/medias_images/images/louvre-cheval-retenu-par-palefrenier.jpg?1527825908
"July 28. Liberty Leading the People (July 28, 1830)",1983.0,48.8606111,2.337644,https://www.louvre.fr/sites/default/files/imagecache/140x87/medias/medias_images/images/louvre-le-28-juillet-la-liberte-guidant-le-peuple-28-juillet-1830.jpg?1527831264
Diptych panel in five parts: the Emperor Triumphant (Justinian?),1899.0,48.8606111,2.337644,https://www.louvre.fr/sites/default/files/imagecache/140x87/medias/medias_images/images/louvre-feuillet-diptyque-cinq-parties.jpg?1527828696
"Portrait of Louis XIV (1638-1715), King of France",7492.0,48.8606111,2.337644,https://www.louvre.fr/sites/default/files/imagecache/140x87/medias/medias_images/images/louvre-louis-xiv-1638-1715.jpg?1527831687
"<i>Portrait of Lisa Gherardini</i>, wife of Francesco del Giocondo, known as the <i>Mona Lisa</i> (the <i>Joconde</i> in French)",1518.0,48.8606111,2.337644,https://www.louvre.fr/sites/default/files/imagecache/140x87/medias/medias_images/images/louvre-portrait-de-lisa-gherardini-epouse-de-francesco-del-giocondo-dite-monna-lisa-la-gioconda-ou-la-jocon.jpg?1527831862
Portrait de jeune femme,2047.0,48.8606111,2.337644,https://www.louvre.fr/sites/default/files/imagecache/140x87/medias/medias_images/images/louvre-portrait-jeune-femme.jpg?1527818566
The Cheat with the Ace of Diamonds,1972.0,48.8606111,2.337644,https://www.louvre.fr/sites/default/files/imagecache/140x87/medias/medias_images/images/louvre-tricheur_19.jpg?1527831407
The Coronation of the Virgin,1812.0,48.8606111,2.337644,https://www.louvre.fr/sites/default/files/imagecache/140x87/medias/medias_images/images/louvre-couronnement-vierge_0.jpg?1527832020
La DentelliГЁre,1870.0,48.8606111,2.337644,https://www.louvre.fr/sites/default/files/imagecache/140x87/medias/medias_images/images/louvre-dentelliere.jpg?1492568576
Le Radeau de la MГ©duse,1824.0,48.8606111,2.337644,https://www.louvre.fr/sites/default/files/imagecache/140x87/medias/medias_images/images/louvre-radeau-meduse.jpg?1527819819
L'EnlГЁvement des Sabines,7290.0,48.8606111,2.337644,https://www.louvre.fr/sites/default/files/imagecache/140x87/medias/medias_images/images/louvre-enlevement-des-sabines.jpg?1527820141
Captive (The Rebellious Slave),1794.0,48.8606111,2.337644,https://www.louvre.fr/sites/default/files/imagecache/140x87/medias/medias_images/images/louvre-captif-quotl039esclave-rebellequot.jpg?1527825002
The Winged Victory of Samothrace,1863.0,48.8606111,2.337644,https://www.louvre.fr/sites/default/files/imagecache/140x87/medias/medias_images/images/louvre-winged-victory-samothrace01.jpg?1426867448
La Grande Odalisque,1899.0,48.8606111,2.337644,https://www.louvre.fr/sites/default/files/imagecache/140x87/medias/medias_images/images/louvre-une-odalisque-dite-grande.jpg?1527831310
La Femme au miroir,1662.0,48.8606111,2.337644,https://www.louvre.fr/sites/default/files/imagecache/140x87/medias/medias_images/images/louvre-femme-miroir.jpg?1527820624
Portrait bust of Nathalie de Laborde (1774-1835),1991.0,48.8606111,2.337644,https://www.louvre.fr/sites/default/files/imagecache/140x87/medias/medias_images/images/louvre-portrait-natalie-laborde-1774.jpg?1527826181
Deux vases dits <i>sГ©ditieux</i> dissimulant dans leurs contours les profils de Louis XVI et de Marie-Antoinette,1996.0,48.8606111,2.337644,https://www.louvre.fr/sites/default/files/imagecache/140x87/medias/medias_images/images/louvre-deux-vases-dits-ltigtseditieuxltigt.jpg?1527818026
SecrГ©taire Г  cylindre (cylinder desk),1784.0,48.8606111,2.337644,https://www.louvre.fr/sites/default/files/imagecache/140x87/medias/medias_images/images/louvre-secretaire-cylindre.jpg?1527826341
Writing-table with stand,1865.0,48.8606111,2.337644,https://www.louvre.fr/sites/default/files/imagecache/140x87/medias/medias_images/images/louvre-table-ecrire-pupitre_1.jpg?1527826708
AthГ©nienne de NapolГ©on Ier,1973.0,48.8606111,2.337644,https://www.louvre.fr/sites/default/files/imagecache/140x87/medias/medias_images/images/louvre-athenienne-napoleon-ier_0.jpg?1527818083
Cabaret Г©gyptien de NapolГ©on Ier,1950.0,48.8606111,2.337644,https://www.louvre.fr/sites/default/files/imagecache/140x87/medias/medias_images/images/louvre-cabaret-egyptien-napoleon-ier.jpg?1527818104
"""Vase fuseau"" of Madame MГЁre",1986.0,48.8606111,2.337644,https://www.louvre.fr/sites/default/files/imagecache/140x87/medias/medias_images/images/louvre-vase-quotfuseauquot-madame-mere.jpg?1527828873
"Bonaparte Visiting the Victims of the Plague at Jaffa, March 11, 1799",5064.0,48.8606111,2.337644,https://www.louvre.fr/sites/default/files/imagecache/140x87/medias/medias_images/images/louvre-bonaparte-visitant-les-pestiferes.jpg?1527830633
L'Empereur NapolГ©on Ier se couronnant lui-mГЄme,1917.0,48.8606111,2.337644,https://www.louvre.fr/sites/default/files/imagecache/140x87/medias/medias_images/images/louvre-l-empereur-napoleon-ier-se-couronnant-lui-meme_0.jpg?1527839812
NapolГ©on en triomphateur,3458.0,48.8606111,2.337644,https://www.louvre.fr/sites/default/files/imagecache/140x87/medias/medias_images/images/louvre-napoleon-triomphateur.jpg?1527817183
"Napoleon on the Battlefield at Eylau, February 9, 1807",5067.0,48.8606111,2.337644,https://www.louvre.fr/sites/default/files/imagecache/140x87/medias/medias_images/images/louvre-napoleon-sur-champ-bataille.jpg?1527831577
Necklace and earrings belonging to the empress Marie-Louise,2004.0,48.8606111,2.337644,https://www.louvre.fr/sites/default/files/imagecache/140x87/medias/medias_images/images/louvre-collier-boucles-d039oreilles-l039imperatrice.jpg?1527828789
L'ImpГ©ratrice JosГ©phine (1763 - 1814),1879.0,48.8606111,2.337644,https://www.louvre.fr/sites/default/files/imagecache/140x87/medias/medias_images/images/louvre-l039imperatrice-josephine-1763-1814.jpg?1527819905
"The EmpressВ’s Jewelry cabinet, called the ""Grand Ecrin""",1964.0,48.8606111,2.337644,https://www.louvre.fr/sites/default/files/imagecache/140x87/medias/medias_images/images/louvre-serre-bijoux-l039imperatrice-dit.jpg?1527828912
"Equestrian Portrait of Pierre SГ©guier (1588-1672), Chancellor of France",1942.0,48.8606111,2.337644,https://www.louvre.fr/sites/default/files/imagecache/140x87/medias/medias_images/images/louvre-pierre-seguier-chancelier-france.jpg?1527830773
Jean de La Fontaine (1621-1695),1960.0,48.8606111,2.337644,https://www.louvre.fr/sites/default/files/imagecache/140x87/medias/medias_images/images/louvre-jean-fontaine-1621-1695.jpg?1527825510
"Portrait of Louis XIV (1638-1715), King of France",7492.0,48.8606111,2.337644,https://www.louvre.fr/sites/default/files/imagecache/140x87/medias/medias_images/images/louvre-louis-xiv-1638-1715.jpg?1527831687
Portrait of Louis XIV,1993.0,48.8606111,2.337644,https://www.louvre.fr/sites/default/files/imagecache/140x87/medias/medias_images/images/louvre-portrait-louis-xiv_19.jpg?1527827834
Coupe de CГ©sarГ©e de Palestine,1962.0,48.8606111,2.337644,https://www.louvre.fr/sites/default/files/imagecache/140x87/medias/medias_images/images/louvre-coupe-cesaree-palestine.jpg?1492565658
"CГґne d'Enmetena, prince de Lagash",1896.0,48.8606111,2.337644,https://www.louvre.fr/sites/default/files/imagecache/140x87/medias/medias_images/images/louvre-cone-d039enmetena-prince-lagash.jpg?1527822093
"July 28. Liberty Leading the People (July 28, 1830)",1983.0,48.8606111,2.337644,https://www.louvre.fr/sites/default/files/imagecache/140x87/medias/medias_images/images/louvre-le-28-juillet-la-liberte-guidant-le-peuple-28-juillet-1830.jpg?1527831264
Le roi Assurbanipal sur son char et prisonniers Г©lamites. Episodes de la campagne d'Elam,1855.0,48.8606111,2.337644,https://www.louvre.fr/sites/default/files/imagecache/140x87/medias/medias_images/images/louvre-roi-assurbanipal-sur-son.jpg?1527822035
Massacres of the Triumvirate,1939.0,48.8606111,2.337644,https://www.louvre.fr/sites/default/files/imagecache/140x87/medias/medias_images/images/louvre-les-massacres-triumvirat.jpg?1527831534
"Napoleon on the Battlefield at Eylau, February 9, 1807",5067.0,48.8606111,2.337644,https://www.louvre.fr/sites/default/files/imagecache/140x87/medias/medias_images/images/louvre-napoleon-sur-champ-bataille.jpg?1527831577
Battle of Zama,5394.0,48.8606111,2.337644,https://www.louvre.fr/sites/default/files/imagecache/140x87/medias/medias_images/images/louvre-bataille-zama.jpg?1527827781
"L'ApothГ©ose d'Henri IV et la proclamation de la rГ©gence de la reine, le 14 mai 1610",1779.0,48.8606111,2.337644,https://www.louvre.fr/sites/default/files/imagecache/140x87/medias/medias_images/images/louvre-l039apotheose-d039henri-proclamation-regence.jpg?1527819586
"The Barricade, Rue de la Mortellerie, June 1848,<br>also known as Remembrance of Civil War",1953.0,48.8606111,2.337644,https://www.louvre.fr/sites/default/files/imagecache/140x87/medias/medias_images/images/louvre-barricade-rue-mortellerie-juin.jpg?1527830621
La Bataille de San Romano : la contre-attaque de Micheletto da Cotignola.,1863.0,48.8606111,2.337644,https://www.louvre.fr/sites/default/files/imagecache/140x87/medias/medias_images/images/louvre-bataille-san-romano-contre.jpg?1527821318
The Intervention of the Sabine Women,1819.0,48.8606111,2.337644,https://www.louvre.fr/sites/default/files/imagecache/140x87/medias/medias_images/images/louvre-les-sabines.jpg?1527831717
La Messe de fondation de l'ordre des Trinitaires,1964.0,48.8606111,2.337644,https://www.louvre.fr/sites/default/files/imagecache/140x87/medias/medias_images/images/louvre-messe-fondation-l039ordre-des.jpg?1527819226
Le Radeau de la MГ©duse,1824.0,48.8606111,2.337644,https://www.louvre.fr/sites/default/files/imagecache/140x87/medias/medias_images/images/louvre-radeau-meduse.jpg?1527819819
Carriage on the Beach at Scheveningen,1784.0,48.8606111,2.337644,https://www.louvre.fr/sites/default/files/imagecache/140x87/medias/medias_images/images/louvre-noble-equipage-cheminant-sur.jpg?1527830165
Equipage dans un parc,1952.0,48.8606111,2.337644,https://www.louvre.fr/sites/default/files/imagecache/140x87/medias/medias_images/images/louvre-equipage-dans-un-parc_0.jpg?1527839338
Hunting scene in a chariot,1891.0,48.8606111,2.337644,https://www.louvre.fr/sites/default/files/imagecache/140x87/medias/medias_images/images/louvre-scene-chasse-char.jpg?1492583577
Mercury,1957.0,48.8606111,2.337644,https://www.louvre.fr/sites/default/files/imagecache/140x87/medias/medias_images/images/louvre-mercure-attachant-ses-talonnieres.jpg?1527826100
Model of figures in a boat,1902.0,48.8606111,2.337644,https://www.louvre.fr/sites/default/files/imagecache/140x87/medias/medias_images/images/louvre-modele-bateau-occupe-par.jpg?1527832363
Fragment de mosaГЇqueВ de solВ : triomphe de Neptune et d'Amphitrite,1845.0,48.8606111,2.337644,https://www.louvre.fr/sites/default/files/imagecache/140x87/medias/medias_images/images/louvre-fragment-mosaique%C2%A0de-sol%C2%A0-triomphe.jpg?1492565638
Ampoules Г  eulogies,1950.0,48.8606111,2.337644,https://www.louvre.fr/sites/default/files/imagecache/140x87/medias/medias_images/images/louvre-ampoules-eulogies.jpg?1527818471
Les PГЁlerins d'EmmaГјs,1638.0,48.8606111,2.337644,https://www.louvre.fr/sites/default/files/imagecache/140x87/medias/medias_images/images/louvre-les-pelerins-d039emmaues.jpg?1527820718
"Arrival of a Stagecoach in the Cour des Messageries, Rue Notre-Dame-des-Victoires, Paris",2678.0,48.8606111,2.337644,https://www.louvre.fr/sites/default/files/imagecache/140x87/medias/medias_images/images/louvre-l039arrivee-d039une-diligence-dans.jpg?1527831389
"Dante and Virgil in Hell, also known as The Barque of Dante",1985.0,48.8606111,2.337644,https://www.louvre.fr/sites/default/files/imagecache/140x87/medias/medias_images/images/louvre-dante-et-virgile-aux-enfers-dit-aussi-la-barque-de-dante.jpg?1527831475
La chute d'Icare,1671.0,48.8606111,2.337644,https://www.louvre.fr/sites/default/files/imagecache/140x87/medias/medias_images/images/louvre-la-chute-d-icare_2.jpg?1527837523
EnГ©e conduit par la sibylle de Cumes aux Enfers,1920.0,48.8606111,2.337644,https://www.louvre.fr/sites/default/files/imagecache/140x87/medias/medias_images/images/louvre-enee-conduit-par-la-sibylle-de-cumes-aux-enfers_0.jpg?1527834483
LГ©cythe funГ©raire Г  fond blanc,1893.0,48.8606111,2.337644,https://www.louvre.fr/sites/default/files/imagecache/140x87/medias/medias_images/images/louvre-lecythe-funeraire-fond-blanc.jpg?1423734963
Portrait de famille,1785.0,48.8606111,2.337644,https://www.louvre.fr/sites/default/files/imagecache/140x87/medias/medias_images/images/louvre-portrait-famille.jpg?1423775227
"Presumed Portrait of Gabrielle d'EstrГ©es and Her Sister, the Duchess of Villars",1937.0,48.8606111,2.337644,https://www.louvre.fr/sites/default/files/imagecache/140x87/medias/medias_images/images/louvre-portrait-presume-gabrielle-d039estrees.jpg?1527830850
"Portrait of Louis XIV (1638-1715), King of France",7492.0,48.8606111,2.337644,https://www.louvre.fr/sites/default/files/imagecache/140x87/medias/medias_images/images/louvre-louis-xiv-1638-1715.jpg?1527831687
"Portrait of Louis-FranГ§ois Bertin, called Bertin the Elder (1766-1841), founder and director of the Journal des DГ©bats politiques et littГ©raires",1897.0,48.8606111,2.337644,https://www.louvre.fr/sites/default/files/imagecache/140x87/medias/medias_images/images/louvre-louis-francois-bertin.jpg?1527831293
"Madame RГ©camier, nГ©e Julie (known as Juliette) Bernard (1777-1849), known as Portrait of Juliette RГ©camier",1826.0,48.8606111,2.337644,https://www.louvre.fr/sites/default/files/imagecache/140x87/medias/medias_images/images/louvre-madame-recamier-nee-julie.jpg?1527830579
"<i>Portrait of Lisa Gherardini</i>, wife of Francesco del Giocondo, known as the <i>Mona Lisa</i> (the <i>Joconde</i> in French)",1518.0,48.8606111,2.337644,https://www.louvre.fr/sites/default/files/imagecache/140x87/medias/medias_images/images/louvre-portrait-de-lisa-gherardini-epouse-de-francesco-del-giocondo-dite-monna-lisa-la-gioconda-ou-la-jocon.jpg?1527831862
Portrait of an Old Man and a Boy,1880.0,48.8606111,2.337644,https://www.louvre.fr/sites/default/files/imagecache/140x87/medias/medias_images/images/louvre-portrait-d039un-vieillard-d039un.jpg?1527831967
Portrait de jeune femme,2047.0,48.8606111,2.337644,https://www.louvre.fr/sites/default/files/imagecache/140x87/medias/medias_images/images/louvre-portrait-jeune-femme.jpg?1527818566
"Portrait of Alexander the Great (356-323 BC), called ""Hermes Azara""",1803.0,48.8606111,2.337644,https://www.louvre.fr/sites/default/files/imagecache/140x87/medias/medias_images/images/louvre-portrait-alexander-great-356.jpg?1527824023
Portrait du major James Lee Harvey,1995.0,48.8606111,2.337644,https://www.louvre.fr/sites/default/files/imagecache/140x87/medias/medias_images/images/louvre-portrait-major-james-lee.jpg?1527819674
Self-portrait,1861.0,48.8606111,2.337644,https://www.louvre.fr/sites/default/files/imagecache/140x87/medias/medias_images/images/louvre-autoportrait.jpg?1528507857
"The Countess of Carpio, Marquesa de la Solana",1953.0,48.8606111,2.337644,https://www.louvre.fr/sites/default/files/imagecache/140x87/medias/medias_images/images/louvre-comtesse-del-carpio-marquise.jpg?1527829935
Landscape near Rhenen: Cows Grazing and a Shepherd Playing the Flute,1783.0,48.8606111,2.337644,https://www.louvre.fr/sites/default/files/imagecache/140x87/medias/medias_images/images/louvre-paysage-pres-rhenen%C2%A0-vaches.jpg?1527830117
Paysage avec Г©difices classiques,1873.0,48.8606111,2.337644,https://www.louvre.fr/sites/default/files/imagecache/140x87/medias/medias_images/images/louvre-paysage-avec-edifices-classiques_1.jpg?1527839016
Seashore by Moonlight,2000.0,48.8606111,2.337644,https://www.louvre.fr/sites/default/files/imagecache/140x87/medias/medias_images/images/louvre-bord-mer-clair-lune.jpg?1527829813
L'EtГ© ou Ruth et Booz,1665.0,48.8606111,2.337644,https://www.louvre.fr/sites/default/files/imagecache/140x87/medias/medias_images/images/louvre-l039ete-ruth-booz.jpg?1527819974
The Fall of Phaeton,1946.0,48.8606111,2.337644,https://www.louvre.fr/sites/default/files/imagecache/140x87/medias/medias_images/images/louvre-chute-phaeton.jpg?1527827131
The Ray of Sunlight,1784.0,48.8606111,2.337644,https://www.louvre.fr/sites/default/files/imagecache/140x87/medias/medias_images/images/louvre-coup-soleil.jpg?1527830214
La Baie de Weymouth Г  l'approche de l'orage,1873.0,48.8606111,2.337644,https://www.louvre.fr/sites/default/files/imagecache/140x87/medias/medias_images/images/louvre-baie-weymouth-l039approche-l039orage.jpg?1527819639
Piece of jewellery composed of beads,1901.0,48.8606111,2.337644,https://www.louvre.fr/sites/default/files/imagecache/140x87/medias/medias_images/images/louvre-parure-perles.jpg?1527833072
"Fibule Г  plaque, arc Г  quatre coquilles",1909.0,48.8606111,2.337644,https://www.louvre.fr/sites/default/files/imagecache/140x87/medias/medias_images/images/louvre-fibule-plaque-arc-quatre.jpg?1527816889
Pair of bracelets decorated with lionВ’s head inlays,1901.0,48.8606111,2.337644,https://www.louvre.fr/sites/default/files/imagecache/140x87/medias/medias_images/images/louvre-paire-bracelets-decores-tetes.jpg?1527833127
Pair of bracelets belonging to the duchesse d'AngoulГЄme,1973.0,48.8606111,2.337644,https://www.louvre.fr/sites/default/files/imagecache/140x87/medias/medias_images/images/louvre-paire-bracelets-duchesse-d039angouleme.jpg?1527828724
"The ""Regent"" Diamond",1887.0,48.8606111,2.337644,https://www.louvre.fr/sites/default/files/imagecache/140x87/medias/medias_images/images/louvre-diamant-dit-quotle-regentquot.jpg?1527828413
Pectoral decorated with a sphinx and a stylised tree,1949.0,48.8606111,2.337644,https://www.louvre.fr/sites/default/files/imagecache/140x87/medias/medias_images/images/louvre-pectoral-decore-sphinx-arbre.jpg?1527832390
Necklace and earrings belonging to the empress Marie-Louise,2004.0,48.8606111,2.337644,https://www.louvre.fr/sites/default/files/imagecache/140x87/medias/medias_images/images/louvre-collier-boucles-d039oreilles-l039imperatrice.jpg?1527828789
Boucles d'oreilles en barilletProtomГ©s de taureaux et de panthГЁresВ ; au revers : motif en Г©toile,1863.0,48.8606111,2.337644,https://www.louvre.fr/sites/default/files/imagecache/140x87/medias/medias_images/images/louvre-boucles-d039oreilles-barilletprotomes-taureaux.jpg?1527816938
Collier Г  pendentif en forme de tГЄte d'AchГ©loos,1863.0,48.8606111,2.337644,https://www.louvre.fr/sites/default/files/imagecache/140x87/medias/medias_images/images/louvre-collier-pendentif-forme-tete.jpg?1527816955
"Ring with a portrait of Jean Sans Peur, Duc de Bourgogne (1404-19)",1951.0,48.8606111,2.337644,https://www.louvre.fr/sites/default/files/imagecache/140x87/medias/medias_images/images/louvre-bague-portrait-jean-sans.jpg?1527829257
Collier de SennГ©fer,1930.0,48.8606111,2.337644,https://www.louvre.fr/sites/default/files/imagecache/140x87/medias/medias_images/images/louvre-collier-sennefer.jpg?1527818838
Fibule Г  arc serpentant,1863.0,48.8606111,2.337644,https://www.louvre.fr/sites/default/files/imagecache/140x87/medias/medias_images/images/louvre-fibule-arc-serpentant.jpg?1527816934
Parure of Queen Marie-AmГ©lie,1985.0,48.8606111,2.337644,https://www.louvre.fr/sites/default/files/imagecache/140x87/medias/medias_images/images/louvre-parure-reine-marie-amelie.jpg?1527828778
"The EmpressВ’s Jewelry cabinet, called the ""Grand Ecrin""",1964.0,48.8606111,2.337644,https://www.louvre.fr/sites/default/files/imagecache/140x87/medias/medias_images/images/louvre-serre-bijoux-l039imperatrice-dit.jpg?1527828912
Jester with a Lute,1984.0,48.8606111,2.337644,https://www.louvre.fr/sites/default/files/imagecache/140x87/medias/medias_images/images/louvre-bouffon-luth.jpg?1527830107
The Concert Group,1624.0,48.8606111,2.337644,https://www.louvre.fr/sites/default/files/imagecache/140x87/medias/medias_images/images/louvre-concert.jpg?1527830030
OrphГ©e charmant les animaux,1970.0,48.8606111,2.337644,https://www.louvre.fr/sites/default/files/imagecache/140x87/medias/medias_images/images/louvre-orphee-charmant-les-animaux_3.jpg?1527837357
Harpistes,1930.0,48.8606111,2.337644,https://www.louvre.fr/sites/default/files/imagecache/140x87/medias/medias_images/images/louvre-harpistes.jpg?1527822198
Saint Cecilia with an Angle Holding a Musical Score,1662.0,48.8606111,2.337644,https://www.louvre.fr/sites/default/files/imagecache/140x87/medias/medias_images/images/louvre-sainte-cecile-avec-ange.jpg?1527832007
Sainte CГ©cile Г  l'orgue entourГ©e d'anges,1793.0,48.8606111,2.337644,https://www.louvre.fr/sites/default/files/imagecache/140x87/medias/medias_images/images/louvre-sainte-cecile-l-orgue-entouree-d-anges_0.jpg?1527834980
"""Music"" stele",1881.0,48.8606111,2.337644,https://www.louvre.fr/sites/default/files/imagecache/140x87/medias/medias_images/images/louvre-stele-dite-musique.jpg?1527832754
The Concert: Singer and Theorbo Player,1794.0,48.8606111,2.337644,https://www.louvre.fr/sites/default/files/imagecache/140x87/medias/medias_images/images/louvre-concert%C2%A0-chanteuse-joueuse-luth.jpg?1527830006
"Young Woman Playing the Theorbo, known as La Finette",1869.0,48.8606111,2.337644,https://www.louvre.fr/sites/default/files/imagecache/140x87/medias/medias_images/images/louvre-finette.jpg?1527830694
Clock,1912.0,48.8606111,2.337644,https://www.louvre.fr/sites/default/files/imagecache/140x87/medias/medias_images/images/louvre-pendule.jpg?1527828374
Cock,1858.0,48.8606111,2.337644,https://www.louvre.fr/sites/default/files/imagecache/140x87/medias/medias_images/images/louvre-coq.jpg?1527824763
"Elephant tapestry, called ""L'Asie""",1995.0,48.8606111,2.337644,https://www.louvre.fr/sites/default/files/imagecache/140x87/medias/medias_images/images/louvre-tapisserie-l039elephant-dite-quotl039asiequot.jpg?1527828768
Lion and Snake,1836.0,48.8606111,2.337644,https://www.louvre.fr/sites/default/files/imagecache/140x87/medias/medias_images/images/louvre-lion-serpent_125.jpg?1527825190
"Les poissons du Nil, scГЁne de pГЄche",1969.0,48.8606111,2.337644,https://www.louvre.fr/sites/default/files/imagecache/140x87/medias/medias_images/images/louvre-les-poissons-nil-scene.jpg?1527818940
"Panneau : sphinx affrontГ©s sous le globe ailГ©,emblГЁme royal et divin",1911.0,48.8606111,2.337644,https://www.louvre.fr/sites/default/files/imagecache/140x87/medias/medias_images/images/louvre-panneau-sphinx-affrontes-sous.jpg?1527823237
Etude d'une grue couronnГ©e,1690.0,48.8606111,2.337644,https://www.louvre.fr/sites/default/files/imagecache/140x87/medias/medias_images/images/louvre-etude-d039une-grue-couronnee.jpg?1527819577
Bears carrying shields emblazoned with coats of arms,1969.0,48.8606111,2.337644,https://www.louvre.fr/sites/default/files/imagecache/140x87/medias/medias_images/images/louvre-ours-porteurs-d039ecus-armories.jpg?1527829089
Portrait of an Old Man and a Boy,1880.0,48.8606111,2.337644,https://www.louvre.fr/sites/default/files/imagecache/140x87/medias/medias_images/images/louvre-portrait-d039un-vieillard-d039un.jpg?1527831967
Clock: rhinoceros,1973.0,48.8606111,2.337644,https://www.louvre.fr/sites/default/files/imagecache/140x87/medias/medias_images/images/louvre-pendule-rhinoceros.jpg?1527828609
Cadran solaire,1999.0,48.8606111,2.337644,https://www.louvre.fr/sites/default/files/imagecache/140x87/medias/medias_images/images/louvre-cadran-solaire.jpg?1527817050
"Sarcophage, dit ""<b>Sarcophage des Г©poux</b>''",1863.0,48.8606111,2.337644,https://www.louvre.fr/sites/default/files/imagecache/140x87/medias/medias_images/images/louvre-sarcophage-dit-sarcophage-des.jpg?1527816969
Cartel,1787.0,48.8606111,2.337644,https://www.louvre.fr/sites/default/files/imagecache/140x87/medias/medias_images/images/louvre-cartel.jpg?1527817810
Wall clock,1911.0,48.8606111,2.337644,https://www.louvre.fr/sites/default/files/imagecache/140x87/medias/medias_images/images/louvre-cartel-d039applique.jpg?1527828073
Philopoemen,1831.0,48.8606111,2.337644,https://www.louvre.fr/sites/default/files/imagecache/140x87/medias/medias_images/images/louvre-philopoemen.jpg?1527825262
Diana,1828.0,48.8606111,2.337644,https://www.louvre.fr/sites/default/files/imagecache/140x87/medias/medias_images/images/louvre-spartacus.jpg?1527825223
,1861.0,48.8606111,2.337644,https://www.louvre.fr/sites/default/files/imagecache/140x87/sites/all/modules/custom/louvre_media/img/default_images/140x87.jpg
Louise Brongniart (1772-1845),1898.0,48.8606111,2.337644,https://www.louvre.fr/sites/default/files/imagecache/140x87/medias/medias_images/images/louvre-louise-brongniart-1772-1845_3.jpg?1527826055
Master Hare,1905.0,48.8606111,2.337644,https://www.louvre.fr/sites/default/files/imagecache/140x87/medias/medias_images/images/louvre-master-hare.jpg?1527819660
Portrait of an Old Man and a Boy,1880.0,48.8606111,2.337644,https://www.louvre.fr/sites/default/files/imagecache/140x87/medias/medias_images/images/louvre-portrait-d039un-vieillard-d039un.jpg?1527831967
Deux plaques : Multiplication des pains et des poissonsLe Christ dГ©signant un enfant,1909.0,48.8606111,2.337644,https://www.louvre.fr/sites/default/files/imagecache/140x87/medias/medias_images/images/louvre-deux-plaques-multiplication-des.jpg?1527817951
Shroud of a child's mummy,1948.0,48.8606111,2.337644,https://www.louvre.fr/sites/default/files/imagecache/140x87/medias/medias_images/images/louvre-linceul-d039enfant.jpg?1372988541
Le Pied-bot,1869.0,48.8606111,2.337644,https://www.louvre.fr/sites/default/files/imagecache/140x87/medias/medias_images/images/louvre-pied-bot.jpg?1527819257
The Young Beggar,1782.0,48.8606111,2.337644,https://www.louvre.fr/sites/default/files/imagecache/140x87/medias/medias_images/images/louvre-jeune-mendiant.jpg?1527829880
Woman carrying a child in a crib,1908.0,48.8606111,2.337644,https://www.louvre.fr/sites/default/files/imagecache/140x87/medias/medias_images/images/louvre-femme-portant-enfant-dans.jpg?1527832315
Neapolitan Fisherboy Playing with a Turtle by the Sea,2063.0,48.8606111,2.337644,https://www.louvre.fr/sites/default/files/imagecache/140x87/medias/medias_images/images/louvre-pecheur-napolitain-jouant-avec.jpg?1527825244
Saint Jerome and the Lion,1919.0,48.8606111,2.337644,https://www.louvre.fr/sites/default/files/imagecache/140x87/medias/medias_images/images/louvre-saint-jerome-lion.jpg?1527827355
Saint JГ©rГґme dans le dГ©sert,1923.0,48.8606111,2.337644,https://www.louvre.fr/sites/default/files/imagecache/140x87/medias/medias_images/images/louvre-saint-jerome-dans-desert.jpg?1527819375
Saint Joseph the Carpenter,1948.0,48.8606111,2.337644,https://www.louvre.fr/sites/default/files/imagecache/140x87/medias/medias_images/images/louvre-saint-joseph-charpentier_15.jpg?1527831567
St. Mary Magdalene,1902.0,48.8606111,2.337644,https://www.louvre.fr/sites/default/files/imagecache/140x87/medias/medias_images/images/louvre-sainte-marie-madeleine_0.jpg?1527817103
"Saint Michel terrassant le dГ©mon, dit le Petit Saint Michel",1661.0,48.8606111,2.337644,https://www.louvre.fr/sites/default/files/imagecache/140x87/medias/medias_images/images/louvre-saint-michel-terrassant-demon.jpg?1527820537
Saint Sebastian,1910.0,48.8606111,2.337644,https://www.louvre.fr/sites/default/files/imagecache/140x87/medias/medias_images/images/louvre-saint-sebastien_1.jpg?1527831799
Sainte CГ©cile Г  l'orgue entourГ©e d'anges,1793.0,48.8606111,2.337644,https://www.louvre.fr/sites/default/files/imagecache/140x87/medias/medias_images/images/louvre-sainte-cecile-l-orgue-entouree-d-anges_0.jpg?1527834980
Saint Francis of Assisi Receiving the Stigmata,1813.0,48.8606111,2.337644,https://www.louvre.fr/sites/default/files/imagecache/140x87/medias/medias_images/images/louvre-saint-francois-d039assise-recevant.jpg?1527832084
The Coronation of the Virgin,1812.0,48.8606111,2.337644,https://www.louvre.fr/sites/default/files/imagecache/140x87/medias/medias_images/images/louvre-couronnement-vierge_0.jpg?1527832020
PrГ©dication de saint Jean-Baptiste,1827.0,48.8606111,2.337644,https://www.louvre.fr/sites/default/files/imagecache/140x87/medias/medias_images/images/louvre-predication-de-saint-jean-baptiste_0.jpg?1527837817
La PrГ©dication de saint Etienne Г  JГ©rusalem,1812.0,48.8606111,2.337644,https://www.louvre.fr/sites/default/files/imagecache/140x87/medias/medias_images/images/louvre-predication-saint-etienne-jerusalem.jpg?1527820945
La Vision de saint Bernard,1919.0,48.8606111,2.337644,https://www.louvre.fr/sites/default/files/imagecache/140x87/medias/medias_images/images/louvre-vision-saint-bernard.jpg?1527819453
"L'Hymne au soleil, ou OrphГ©e saluant la lumiГЁre",1932.0,48.8606111,2.337644,https://www.louvre.fr/sites/default/files/imagecache/140x87/medias/medias_images/images/louvre-l-hymne-au-soleil-ou-orphee-saluant-la-lumiere_0.jpg?1527840004
Vue du lac de Nemi au soleil couchant,1970.0,48.8606111,2.337644,https://www.louvre.fr/sites/default/files/imagecache/140x87/medias/medias_images/images/louvre-vue-lac-nemi-soleil.jpg?1527819643
Hendrickje Stoffels au bГ©ret de velours,1784.0,48.8606111,2.337644,https://www.louvre.fr/sites/default/files/imagecache/140x87/medias/medias_images/images/louvre-hendrickje-stoffels-beret-velours.jpg?1527819431
Seashore by Moonlight,2000.0,48.8606111,2.337644,https://www.louvre.fr/sites/default/files/imagecache/140x87/medias/medias_images/images/louvre-bord-mer-clair-lune.jpg?1527829813
The Bolt,1974.0,48.8606111,2.337644,https://www.louvre.fr/sites/default/files/imagecache/140x87/medias/medias_images/images/louvre-verrou.jpg?1527830598
Death of Sardanapalus,1921.0,48.8606111,2.337644,https://www.louvre.fr/sites/default/files/imagecache/140x87/medias/medias_images/images/louvre-mort-sardanapale.jpg?1527830999
The Entombment of Atala,1819.0,48.8606111,2.337644,https://www.louvre.fr/sites/default/files/imagecache/140x87/medias/medias_images/images/louvre-atala-tombeau-dit-aussi.jpg?1527831350
The Ray of Sunlight,1784.0,48.8606111,2.337644,https://www.louvre.fr/sites/default/files/imagecache/140x87/medias/medias_images/images/louvre-coup-soleil.jpg?1527830214
"Endymion. Moonlight Effect, also known as The Sleep of Endymion",1818.0,48.8606111,2.337644,https://www.louvre.fr/sites/default/files/imagecache/140x87/medias/medias_images/images/louvre-endymion-effet-lune-dit.jpg?1527830494
"The ""Regent"" Diamond",1887.0,48.8606111,2.337644,https://www.louvre.fr/sites/default/files/imagecache/140x87/medias/medias_images/images/louvre-diamant-dit-quotle-regentquot.jpg?1527828413
Vue du lac de Nemi au soleil couchant,1970.0,48.8606111,2.337644,https://www.louvre.fr/sites/default/files/imagecache/140x87/medias/medias_images/images/louvre-vue-lac-nemi-soleil.jpg?1527819643
Miroir Г  manche gravГ©,1863.0,48.8606111,2.337644,https://www.louvre.fr/sites/default/files/imagecache/140x87/medias/medias_images/images/louvre-miroir-manche-grave.jpg?1527816922
Miroir,1888.0,48.8606111,2.337644,https://www.louvre.fr/sites/default/files/imagecache/140x87/medias/medias_images/images/louvre-miroir.jpg?1527816748
Miroir Г  manche en balustre,1895.0,48.8606111,2.337644,https://www.louvre.fr/sites/default/files/imagecache/140x87/medias/medias_images/images/louvre-miroir-manche-balustre.jpg?1492566052
Box mirror: portrait of Louis XIII,1986.0,48.8606111,2.337644,https://www.louvre.fr/sites/default/files/imagecache/140x87/medias/medias_images/images/louvre-miroir-ouvrant-portrait-louis.jpg?1527827506
Rock-crystal mirror,1684.0,48.8606111,2.337644,https://www.louvre.fr/sites/default/files/imagecache/140x87/medias/medias_images/images/louvre-miroir-cristal-roche.jpg?1527827711
Still Life with Peeled Lemon,1806.0,48.8606111,2.337644,https://www.louvre.fr/sites/default/files/imagecache/140x87/medias/medias_images/images/louvre-nature-morte-citron-pele.jpg?1527830413
Le prГЄteur et sa femme,1806.0,48.8606111,2.337644,https://www.louvre.fr/sites/default/files/imagecache/140x87/medias/medias_images/images/louvre-preteur-femme.jpg?1527819563
La Femme au miroir,1662.0,48.8606111,2.337644,https://www.louvre.fr/sites/default/files/imagecache/140x87/medias/medias_images/images/louvre-femme-miroir.jpg?1527820624
Coupe Г  figures noires,1866.0,48.8606111,2.337644,https://www.louvre.fr/sites/default/files/imagecache/140x87/medias/medias_images/images/louvre-coupe-figures-noires.jpg?1527816860
Model of figures in a boat,1902.0,48.8606111,2.337644,https://www.louvre.fr/sites/default/files/imagecache/140x87/medias/medias_images/images/louvre-modele-bateau-occupe-par.jpg?1527832363
Seashore by Moonlight,2000.0,48.8606111,2.337644,https://www.louvre.fr/sites/default/files/imagecache/140x87/medias/medias_images/images/louvre-bord-mer-clair-lune.jpg?1527829813
Southern Seaport with a Trinket Seller,1795.0,48.8606111,2.337644,https://www.louvre.fr/sites/default/files/imagecache/140x87/medias/medias_images/images/louvre-port-mer-meridional-avec.jpg?1527830144
La sorciГЁre de Laponie observant un naufrage dans la tempГЄte,1991.0,48.8606111,2.337644,https://www.louvre.fr/sites/default/files/imagecache/140x87/medias/medias_images/images/louvre-la-sorciere-de-laponie-observant-un-naufrage-dans-la-tempete_0.jpg?1527836156
La Baie de Weymouth Г  l'approche de l'orage,1873.0,48.8606111,2.337644,https://www.louvre.fr/sites/default/files/imagecache/140x87/medias/medias_images/images/louvre-baie-weymouth-l039approche-l039orage.jpg?1527819639
Neapolitan Fisherboy Playing with a Turtle by the Sea,2063.0,48.8606111,2.337644,https://www.louvre.fr/sites/default/files/imagecache/140x87/medias/medias_images/images/louvre-pecheur-napolitain-jouant-avec.jpg?1527825244
Plaque dГ©coupГ©e : chasseurs,1884.0,48.8606111,2.337644,https://www.louvre.fr/sites/default/files/imagecache/140x87/medias/medias_images/images/louvre-plaque-decoupee-chasseurs.jpg?1527816841
"Charles I, King of England (1600-1649), also known as Le Roi Г  la chasse",1775.0,48.8606111,2.337644,https://www.louvre.fr/sites/default/files/imagecache/140x87/medias/medias_images/images/louvre-charles-ier-roi-d039angleterre.jpg?1527830446
Diana the Huntress,1829.0,48.8606111,2.337644,https://www.louvre.fr/sites/default/files/imagecache/140x87/medias/medias_images/images/louvre-diane-chasseresse.jpg?1527825665
Diana Leaving her Bath,1852.0,48.8606111,2.337644,https://www.louvre.fr/sites/default/files/imagecache/140x87/medias/medias_images/images/louvre-diane-sortant-bain.jpg?1527831250
Fishing,1665.0,48.8606111,2.337644,https://www.louvre.fr/sites/default/files/imagecache/140x87/medias/medias_images/images/louvre-peche.jpg?1527832143
ScГЁne de pГЄche,1775.0,48.8606111,2.337644,https://www.louvre.fr/sites/default/files/imagecache/140x87/medias/medias_images/images/louvre-scene-de-peche_2.jpg?1527838578
Game and Hunting Accessories on a Window Ledge,1806.0,48.8606111,2.337644,https://www.louvre.fr/sites/default/files/imagecache/140x87/medias/medias_images/images/louvre-gibier-ustensiles-chasse-disposes.jpg?1527830055
Hunting for Heron with Archduke Leopold William,1784.0,48.8606111,2.337644,https://www.louvre.fr/sites/default/files/imagecache/140x87/medias/medias_images/images/louvre-chasse-heron-avec-l039archiduc.jpg?1527830421
A Hunt Breakfast,1990.0,48.8606111,2.337644,https://www.louvre.fr/sites/default/files/imagecache/140x87/medias/medias_images/images/louvre-dejeuner-chasse.jpg?1527831516
Hunting scene in a chariot,1891.0,48.8606111,2.337644,https://www.louvre.fr/sites/default/files/imagecache/140x87/medias/medias_images/images/louvre-scene-chasse-char.jpg?1492583577
"Les poissons du Nil, scГЁne de pГЄche",1969.0,48.8606111,2.337644,https://www.louvre.fr/sites/default/files/imagecache/140x87/medias/medias_images/images/louvre-les-poissons-nil-scene.jpg?1527818940
Neapolitan Fisherboy Playing with a Turtle by the Sea,2063.0,48.8606111,2.337644,https://www.louvre.fr/sites/default/files/imagecache/140x87/medias/medias_images/images/louvre-pecheur-napolitain-jouant-avec.jpg?1527825244
"Lettre de Biridiya, prince de Megiddo, au roi d'Egypte",1918.0,48.8606111,2.337644,https://www.louvre.fr/sites/default/files/imagecache/140x87/medias/medias_images/images/louvre-lettre-biridiya-prince-megiddo.jpg?1527821517
Cylindres de Gudea,1877.0,48.8606111,2.337644,https://www.louvre.fr/sites/default/files/imagecache/140x87/medias/medias_images/images/louvre-cylindres-gudea.jpg?1527822112
DГ©crets sur l'organisation des finances publiques,1839.0,48.8606111,2.337644,https://www.louvre.fr/sites/default/files/imagecache/140x87/medias/medias_images/images/louvre-decrets-sur-l039organisation-des.jpg?1527816662
"Charte de fondation du palais de Darius Ier, en vieux-perse",1911.0,48.8606111,2.337644,https://www.louvre.fr/sites/default/files/imagecache/140x87/medias/medias_images/images/louvre-charte-fondation-palais-darius.jpg?1527822994
Etude d'Г©vangГ©liste,1981.0,48.8606111,2.337644,https://www.louvre.fr/sites/default/files/imagecache/140x87/medias/medias_images/images/louvre-etude-d-evangeliste_0.jpg?1527835716
Ink-stand bearing the arms of Cardinal da Cunha,1966.0,48.8606111,2.337644,https://www.louvre.fr/sites/default/files/imagecache/140x87/medias/medias_images/images/louvre-ecritoire-aux-armes-cardinal.jpg?1527828538
"Grande tablette de comptabilitГ© avec empreinte reprГ©sentant les figures mythologiques du lion et du taureau, en attitude humaine et se domptant alternativement",1901.0,48.8606111,2.337644,https://www.louvre.fr/sites/default/files/imagecache/140x87/medias/medias_images/images/louvre-grande-tablette-comptabilite-avec.jpg?1527823042
Writing-table with stand,1865.0,48.8606111,2.337644,https://www.louvre.fr/sites/default/files/imagecache/140x87/medias/medias_images/images/louvre-table-ecrire-pupitre_1.jpg?1527826708
"""Exaleiptron"" tripode Г  figures noires",1894.0,48.8606111,2.337644,https://www.louvre.fr/sites/default/files/imagecache/140x87/medias/medias_images/images/louvre-quotexaleiptronquot-tripode-figures-noires.jpg?1527816829
Flacon Г  fard en forme de taureau,2000.0,48.8606111,2.337644,https://www.louvre.fr/sites/default/files/imagecache/140x87/medias/medias_images/images/louvre-flacon-fard-forme-taureau.jpg?1527823494
Diana Leaving her Bath,1852.0,48.8606111,2.337644,https://www.louvre.fr/sites/default/files/imagecache/140x87/medias/medias_images/images/louvre-diane-sortant-bain.jpg?1527831250
"Esther Preparing Herself to Meet King Ahasuerus, also known as The Toilette of Esther",1934.0,48.8606111,2.337644,https://www.louvre.fr/sites/default/files/imagecache/140x87/medias/medias_images/images/louvre-esther-parant-pour-etre.jpg?1527830651
Flacon Г  deux compartiments tubulaires,1894.0,48.8606111,2.337644,https://www.louvre.fr/sites/default/files/imagecache/140x87/medias/medias_images/images/louvre-flacon-deux-compartiments-tubulaires.jpg?1492565634
Flacons en forme d'oiseau,1861.0,48.8606111,2.337644,https://www.louvre.fr/sites/default/files/imagecache/140x87/medias/medias_images/images/louvre-flacons-forme-d039oiseau.jpg?1527817007
Pot Г  kohol : dieu BГЁs,4469.0,48.8606111,2.337644,https://www.louvre.fr/sites/default/files/imagecache/140x87/medias/medias_images/images/louvre-pot-kohol-dieu-bes.jpg?1527819008
Rock-crystal mirror,1684.0,48.8606111,2.337644,https://www.louvre.fr/sites/default/files/imagecache/140x87/medias/medias_images/images/louvre-miroir-cristal-roche.jpg?1527827711
"The EmpressВ’s Jewelry cabinet, called the ""Grand Ecrin""",1964.0,48.8606111,2.337644,https://www.louvre.fr/sites/default/files/imagecache/140x87/medias/medias_images/images/louvre-serre-bijoux-l039imperatrice-dit.jpg?1527828912
"Toilet mirror with the cypher of Anne Hyde, Duchess of York, wife of King James II of England",1982.0,48.8606111,2.337644,https://www.louvre.fr/sites/default/files/imagecache/140x87/medias/medias_images/images/louvre-miroir-toilette-chiffre-d039anne.jpg?1527828012
The Toilet of Venus,1685.0,48.8606111,2.337644,https://www.louvre.fr/sites/default/files/imagecache/140x87/medias/medias_images/images/louvre-toilette-venus.jpg?1527832155
"Toilet stand with the arms of the duchesse dВ’OrlГ©ans, legitimate daughter of Louis XIV and Mme de Montespan",1948.0,48.8606111,2.337644,https://www.louvre.fr/sites/default/files/imagecache/140x87/medias/medias_images/images/louvre-bassin-toilette-aux-armes.jpg?1527828035
Document de Fondation hourrite,1948.0,48.8606111,2.337644,https://www.louvre.fr/sites/default/files/imagecache/140x87/medias/medias_images/images/louvre-document-fondation-hourrite.jpg?1527822382
"AthГЁnes, vue de l'Acropole depuis le monument de Philopappos",1890.0,48.8606111,2.337644,https://www.louvre.fr/sites/default/files/imagecache/140x87/medias/medias_images/images/louvre-athenes-vue-de-l-acropole-depuis-le-monument-de-philopappos_0.jpg?1527839517
Romulus et Remus et un homme vu de dos,1650.0,48.8606111,2.337644,https://www.louvre.fr/sites/default/files/imagecache/140x87/medias/medias_images/images/louvre-romulus-et-remus-et-un-homme-vu-de-dos_0.jpg?1527839047
Romulus et RГ©mus recueillis par Faustulus,1794.0,48.8606111,2.337644,https://www.louvre.fr/sites/default/files/imagecache/140x87/medias/medias_images/images/louvre-romulus-remus-recueillis-par.jpg?1527821243
Romulus vainqueur d'Acron,1883.0,48.8606111,2.337644,https://www.louvre.fr/sites/default/files/imagecache/140x87/medias/medias_images/images/louvre-romulus-vainqueur-d-acron_1.jpg?1527840102
Vue du val d'Arco dans le Tyrol mГ©ridional,1671.0,48.8606111,2.337644,https://www.louvre.fr/sites/default/files/imagecache/140x87/medias/medias_images/images/louvre-vue-du-val-d-arco-dans-le-tyrol-meridional_0.jpg?1527833681
"Pot-pourri ""vaisseau""",1984.0,48.8606111,2.337644,https://www.louvre.fr/sites/default/files/imagecache/140x87/medias/medias_images/images/louvre-pot-pourri-vaisseau.jpg?1527817815
Attis,1684.0,48.8606111,2.337644,https://www.louvre.fr/sites/default/files/imagecache/140x87/medias/medias_images/images/louvre-attis.jpg?1527824721
Coupe Г  figures noires,1861.0,48.8606111,2.337644,https://www.louvre.fr/sites/default/files/imagecache/140x87/medias/medias_images/images/louvre-coupe-figures-noires_2.jpg?1527816896
"The ""Regent"" Diamond",1887.0,48.8606111,2.337644,https://www.louvre.fr/sites/default/files/imagecache/140x87/medias/medias_images/images/louvre-diamant-dit-quotle-regentquot.jpg?1527828413
Gnome with a snail,1933.0,48.8606111,2.337644,https://www.louvre.fr/sites/default/files/imagecache/140x87/medias/medias_images/images/louvre-gnome-l039escargot.jpg?1527827237
Idole aux yeux,1991.0,48.8606111,2.337644,https://www.louvre.fr/sites/default/files/imagecache/140x87/medias/medias_images/images/louvre-idole-aux-yeux.jpg?1527821874
DГ©pГґt de fondation du temple de Deir el-Bahari,1877.0,48.8606111,2.337644,https://www.louvre.fr/sites/default/files/imagecache/140x87/medias/medias_images/images/louvre-depot-fondation-temple-deir.jpg?1492567443
"Presumed Portrait of Gabrielle d'EstrГ©es and Her Sister, the Duchess of Villars",1937.0,48.8606111,2.337644,https://www.louvre.fr/sites/default/files/imagecache/140x87/medias/medias_images/images/louvre-portrait-presume-gabrielle-d039estrees.jpg?1527830850
TГЄte de figurine fГ©minine,1873.0,48.8606111,2.337644,https://www.louvre.fr/sites/default/files/imagecache/140x87/medias/medias_images/images/louvre-tete-figurine-feminine.jpg?1527816757
Casque de type illyrienExaleiptronLamelle en or,1917.0,48.8606111,2.337644,https://www.louvre.fr/sites/default/files/imagecache/140x87/medias/medias_images/images/louvre-casque-type-illyrienexaleiptronlamelle.jpg?1527816712
Statuette of a man,1958.0,48.8606111,2.337644,https://www.louvre.fr/sites/default/files/imagecache/140x87/medias/medias_images/images/louvre-statuette-personnage-masculin.jpg?1527832405
DiplГґme militaire,1897.0,48.8606111,2.337644,https://www.louvre.fr/sites/default/files/imagecache/140x87/medias/medias_images/images/louvre-diplome-militaire.jpg?1527817040
Deux vases dits <i>sГ©ditieux</i> dissimulant dans leurs contours les profils de Louis XVI et de Marie-Antoinette,1996.0,48.8606111,2.337644,https://www.louvre.fr/sites/default/files/imagecache/140x87/medias/medias_images/images/louvre-deux-vases-dits-ltigtseditieuxltigt.jpg?1527818026
"ElГ©ments de couronnesВ : fleurs, corymbes",1850.0,48.8606111,2.337644,https://www.louvre.fr/sites/default/files/imagecache/140x87/medias/medias_images/images/louvre-elements-couronnes%C2%A0-fleurs-corymbes.jpg?1527816633
The Bolt,1974.0,48.8606111,2.337644,https://www.louvre.fr/sites/default/files/imagecache/140x87/medias/medias_images/images/louvre-verrou.jpg?1527830598
"""Seau Г  bouteille"" (wine cooler)",1999.0,48.8606111,2.337644,https://www.louvre.fr/sites/default/files/imagecache/140x87/medias/medias_images/images/louvre-seau-bouteille.jpg?1527826727
A Table of Desserts,1662.0,48.8606111,2.337644,https://www.louvre.fr/sites/default/files/imagecache/140x87/medias/medias_images/images/louvre-fruits-riche-vaisselle-sur.jpg?1527830177
Moulin Г  cafГ©,2000.0,48.8606111,2.337644,https://www.louvre.fr/sites/default/files/imagecache/140x87/medias/medias_images/images/louvre-moulin-cafe.jpg?1527817932
A Hunt Breakfast,1990.0,48.8606111,2.337644,https://www.louvre.fr/sites/default/files/imagecache/140x87/medias/medias_images/images/louvre-dejeuner-chasse.jpg?1527831516
Interior of a Kitchen,4097.0,48.8606111,2.337644,https://www.louvre.fr/sites/default/files/imagecache/140x87/medias/medias_images/images/louvre-l039interieur-d039une-cuisine.jpg?1527831201
IntГ©rieur de cuisine,1928.0,48.8606111,2.337644,https://www.louvre.fr/sites/default/files/imagecache/140x87/medias/medias_images/images/louvre-interieur-cuisine.jpg?1527819504
Family Taking Breakfast,1895.0,48.8606111,2.337644,https://www.louvre.fr/sites/default/files/imagecache/140x87/medias/medias_images/images/louvre-dejeuner.jpg?1527830756
Two sugar sprinklers,1995.0,48.8606111,2.337644,https://www.louvre.fr/sites/default/files/imagecache/140x87/medias/medias_images/images/louvre-deux-sucriers-poudre.jpg?1527826480
Still Life with Ham,1951.0,48.8606111,2.337644,https://www.louvre.fr/sites/default/files/imagecache/140x87/medias/medias_images/images/louvre-nature-morte-jambon.jpg?1527830206
"NГ©cessaire offert par Louis XV Г  la reine Marie Leczinska, Г  l'occasion de la naissance du Dauphin en 1729",1768.0,48.8606111,2.337644,https://www.louvre.fr/sites/default/files/imagecache/140x87/medias/medias_images/images/louvre-necessaire-offert-par-louis.jpg?1492566931
Plat aux poissons,1958.0,48.8606111,2.337644,https://www.louvre.fr/sites/default/files/imagecache/140x87/medias/medias_images/images/louvre-plat-aux-poissons.jpg?1527817070
The Vegetable Market in Amsterdam,1783.0,48.8606111,2.337644,https://www.louvre.fr/sites/default/files/imagecache/140x87/medias/medias_images/images/louvre-marche-aux-herbes-marche.jpg?1527830041
Two salt-cellars,1946.0,48.8606111,2.337644,https://www.louvre.fr/sites/default/files/imagecache/140x87/medias/medias_images/images/louvre-deux-salieres.jpg?1527828284
Jarres <i>(zir)</i> avec leurs supports,1980.0,48.8606111,2.337644,https://www.louvre.fr/sites/default/files/imagecache/140x87/medias/medias_images/images/louvre-jarres-ltigtzirltigt-avec-leurs.jpg?1527818501
Ange portant deux burettes,1907.0,48.8606111,2.337644,https://www.louvre.fr/sites/default/files/imagecache/140x87/medias/medias_images/images/louvre-ange-portant-deux-burettes.jpg?1527817092
Jester with a Lute,1984.0,48.8606111,2.337644,https://www.louvre.fr/sites/default/files/imagecache/140x87/medias/medias_images/images/louvre-bouffon-luth.jpg?1527830107
TГЄte de cavalier,1896.0,48.8606111,2.337644,https://www.louvre.fr/sites/default/files/imagecache/140x87/medias/medias_images/images/louvre-tete-cavalier.jpg?1527816804
"<i>Portrait of Lisa Gherardini</i>, wife of Francesco del Giocondo, known as the <i>Mona Lisa</i> (the <i>Joconde</i> in French)",1518.0,48.8606111,2.337644,https://www.louvre.fr/sites/default/files/imagecache/140x87/medias/medias_images/images/louvre-portrait-de-lisa-gherardini-epouse-de-francesco-del-giocondo-dite-monna-lisa-la-gioconda-ou-la-jocon.jpg?1527831862
Portrait of an Old Man and a Boy,1880.0,48.8606111,2.337644,https://www.louvre.fr/sites/default/files/imagecache/140x87/medias/medias_images/images/louvre-portrait-d039un-vieillard-d039un.jpg?1527831967
"Portrait de femme souriante, coiffГ©e d'un bonnet",1671.0,48.8606111,2.337644,https://www.louvre.fr/sites/default/files/imagecache/140x87/medias/medias_images/images/louvre-portrait-de-femme-souriante-coiffee-d-un-bonnet_0.jpg?1527837781
"Portrait de jeune femme en buste, souriant",1671.0,48.8606111,2.337644,https://www.louvre.fr/sites/default/files/imagecache/140x87/medias/medias_images/images/louvre-portrait-de-jeune-femme-en-buste-souriant_0.jpg?1527837995
Le Pied-bot,1869.0,48.8606111,2.337644,https://www.louvre.fr/sites/default/files/imagecache/140x87/medias/medias_images/images/louvre-pied-bot.jpg?1527819257
Amphore,1858.0,48.8606111,2.337644,https://www.louvre.fr/sites/default/files/imagecache/140x87/medias/medias_images/images/louvre-amphore_0.jpg?1527816944
Vase dГ©corГ© de quatre danseuses,1966.0,48.8606111,2.337644,https://www.louvre.fr/sites/default/files/imagecache/140x87/medias/medias_images/images/louvre-vase-decore-quatre-danseuses.jpg?1527821399
"The Muses Clio, Euterpe and Thalia",8057.0,48.8606111,2.337644,https://www.louvre.fr/sites/default/files/imagecache/140x87/medias/medias_images/images/louvre-clio-euterpe-thalie.jpg?1527831668
The Concert Group,1624.0,48.8606111,2.337644,https://www.louvre.fr/sites/default/files/imagecache/140x87/medias/medias_images/images/louvre-concert.jpg?1527830030
Conversation dans un parc,1952.0,48.8606111,2.337644,https://www.louvre.fr/sites/default/files/imagecache/140x87/medias/medias_images/images/louvre-conversation-dans-parc.jpg?1527819650
Casque de gladiateur <i>thrace</i>,1892.0,48.8606111,2.337644,https://www.louvre.fr/sites/default/files/imagecache/140x87/medias/medias_images/images/louvre-casque-gladiateur-ltigtthraceltigt.jpg?1492565918
CandГ©labre ou thymiatГ©rion (brГ»le-parfum) Г  fГ»t figurГ©Danseuse aux crotales,3145.0,48.8606111,2.337644,https://www.louvre.fr/sites/default/files/imagecache/140x87/medias/medias_images/images/louvre-candelabre-thymiaterion-brule-parfum.jpg?1527816980
"Le CortГЁge du boeuf gras, dit CortГЁge du ""boeuf de PГўques''",1783.0,48.8606111,2.337644,https://www.louvre.fr/sites/default/files/imagecache/140x87/medias/medias_images/images/louvre-cortege-boeuf-gras-dit.jpg?1527819475
"Pierrot, formerly known as Gilles",1869.0,48.8606111,2.337644,https://www.louvre.fr/sites/default/files/imagecache/140x87/medias/medias_images/images/louvre-pierrot-dit-autrefois-gilles_2.jpg?1527830560
Sarcophage des Muses,1815.0,48.8606111,2.337644,https://www.louvre.fr/sites/default/files/imagecache/140x87/medias/medias_images/images/louvre-sarcophage-des-muses.jpg?1527816991
La Kermesse ou Noce de village,1685.0,48.8606111,2.337644,https://www.louvre.fr/sites/default/files/imagecache/140x87/medias/medias_images/images/louvre-kermesse-noce-village.jpg?1527819530
Joueurs de cartes dans un riche intГ©rieur,1801.0,48.8606111,2.337644,https://www.louvre.fr/sites/default/files/imagecache/140x87/medias/medias_images/images/louvre-joueurs-cartes-dans-riche.jpg?1527819500
Backgammon board,1852.0,48.8606111,2.337644,https://www.louvre.fr/sites/default/files/imagecache/140x87/medias/medias_images/images/louvre-echiquier-jeu-trictrac.jpg?1527827193
Coupe Г  l'aurige vainqueur,1971.0,48.8606111,2.337644,https://www.louvre.fr/sites/default/files/imagecache/140x87/medias/medias_images/images/louvre-coupe-l039aurige-vainqueur.jpg?1492565640
"Athena holding a discus, called ""The Discophoros""",1807.0,48.8606111,2.337644,https://www.louvre.fr/sites/default/files/imagecache/140x87/medias/medias_images/images/louvre-athena-holding-discus-called.jpg?1492573938
Knuckle-bone player,1861.0,48.8606111,2.337644,https://www.louvre.fr/sites/default/files/imagecache/140x87/medias/medias_images/images/louvre-joueuse-d039osselets.jpg?1527824261
Casque de gladiateur <i>thrace</i>,1892.0,48.8606111,2.337644,https://www.louvre.fr/sites/default/files/imagecache/140x87/medias/medias_images/images/louvre-casque-gladiateur-ltigtthraceltigt.jpg?1492565918
Athlete,1684.0,48.8606111,2.337644,https://www.louvre.fr/sites/default/files/imagecache/140x87/medias/medias_images/images/louvre-athlete.jpg?1527824172
Osselets,1830.0,48.8606111,2.337644,https://www.louvre.fr/sites/default/files/imagecache/140x87/medias/medias_images/images/louvre-osselets.jpg?1527819021
Fight at the New Inn,1941.0,48.8606111,2.337644,https://www.louvre.fr/sites/default/files/imagecache/140x87/medias/medias_images/images/louvre-rixe-devant-l039auberge-nouvelle.jpg?1527826305
Wrestler,1870.0,48.8606111,2.337644,https://www.louvre.fr/sites/default/files/imagecache/140x87/medias/medias_images/images/louvre-lutteur.jpg?1527824676
The Cheat with the Ace of Diamonds,1972.0,48.8606111,2.337644,https://www.louvre.fr/sites/default/files/imagecache/140x87/medias/medias_images/images/louvre-tricheur_19.jpg?1527831407
Les Joueurs de morra,2001.0,48.8606111,2.337644,https://www.louvre.fr/sites/default/files/imagecache/140x87/medias/medias_images/images/louvre-les-joueurs-morra.jpg?1527819332
Jouets,1973.0,48.8606111,2.337644,https://www.louvre.fr/sites/default/files/imagecache/140x87/medias/medias_images/images/louvre-jouets.jpg?1527818484
Bowl,1897.0,48.8606111,2.337644,https://www.louvre.fr/sites/default/files/imagecache/140x87/medias/medias_images/images/louvre-bassin.jpg?1527826897
Casket medallion: fantastic bird,1909.0,48.8606111,2.337644,https://www.louvre.fr/sites/default/files/imagecache/140x87/medias/medias_images/images/louvre-medaillon-coffret-oiseau-fantastique.jpg?1527829078
Lapis-lazuli nef,1673.0,48.8606111,2.337644,https://www.louvre.fr/sites/default/files/imagecache/140x87/medias/medias_images/images/louvre-nef-lapis-lazuli.jpg?1527827921
"Portrait of Madame Charles-Louis Trudaine, nГ©e Marie-Louise Micault de Courbeton (1769-1802), formerly known as Portrait of Madame Chalgrin, nГ©e Vernet",1890.0,48.8606111,2.337644,https://www.louvre.fr/sites/default/files/imagecache/140x87/medias/medias_images/images/louvre-madame-charles-louis-trudaine.jpg?1527830909
Ewer,1900.0,48.8606111,2.337644,https://www.louvre.fr/sites/default/files/imagecache/140x87/medias/medias_images/images/louvre-aiguiere.jpg?1527827578
"Panneau : sphinx affrontГ©s sous le globe ailГ©,emblГЁme royal et divin",1911.0,48.8606111,2.337644,https://www.louvre.fr/sites/default/files/imagecache/140x87/medias/medias_images/images/louvre-panneau-sphinx-affrontes-sous.jpg?1527823237
Collier de SennГ©fer,1930.0,48.8606111,2.337644,https://www.louvre.fr/sites/default/files/imagecache/140x87/medias/medias_images/images/louvre-collier-sennefer.jpg?1527818838
The Coronation of the Virgin,1812.0,48.8606111,2.337644,https://www.louvre.fr/sites/default/files/imagecache/140x87/medias/medias_images/images/louvre-couronnement-vierge_0.jpg?1527832020
Three fauteuils (armchairs) and three chaises en cabriolet (upholstered chairs with concave backs),1795.0,48.8606111,2.337644,https://www.louvre.fr/sites/default/files/imagecache/140x87/medias/medias_images/images/louvre-trois-fauteuils-trois-chaises.jpg?1527826526
Togatus with a head of the emperor Augustus added,1815.0,48.8606111,2.337644,https://www.louvre.fr/sites/default/files/imagecache/140x87/medias/medias_images/images/louvre-ltigttogatusltigt-complete-d039une-tete.jpg?1527824852
The emperor Caracalla,1957.0,48.8606111,2.337644,https://www.louvre.fr/sites/default/files/imagecache/140x87/medias/medias_images/images/louvre-l039empereur-caracalla.jpg?1492574796
"Charles I, King of England (1600-1649), also known as Le Roi Г  la chasse",1775.0,48.8606111,2.337644,https://www.louvre.fr/sites/default/files/imagecache/140x87/medias/medias_images/images/louvre-charles-ier-roi-d039angleterre.jpg?1527830446
L'empereur Hadrien,1984.0,48.8606111,2.337644,https://www.louvre.fr/sites/default/files/imagecache/140x87/medias/medias_images/images/louvre-l039empereur-hadrien.jpg?1527817017
Chapel dorГ©В ; couronneВ ; appliques,1984.0,48.8606111,2.337644,https://www.louvre.fr/sites/default/files/imagecache/140x87/medias/medias_images/images/louvre-chapel-dore%C2%A0-couronne%C2%A0-appliques.jpg?1527818187
"Gudea, Prince of Lagash<br/>Seated statue dedicated to the god Ningishzida",1903.0,48.8606111,2.337644,https://www.louvre.fr/sites/default/files/imagecache/140x87/medias/medias_images/images/louvre-gudea-prince-lagashstatue-assise.jpg?1527832656
Juba I,1895.0,48.8606111,2.337644,https://www.louvre.fr/sites/default/files/imagecache/140x87/medias/medias_images/images/louvre-juba-ier.jpg?1492574763
Juba II,1882.0,48.8606111,2.337644,https://www.louvre.fr/sites/default/files/imagecache/140x87/medias/medias_images/images/louvre-juba.jpg?1527817031
"Le roi Childebert, fondateur de l'abbaye de Saint-Germain-des-PrГ©s",1851.0,48.8606111,2.337644,https://www.louvre.fr/sites/default/files/imagecache/140x87/medias/medias_images/images/louvre-roi-childebert-fondateur-l039abbaye.jpg?1527817073
Diptych panel in five parts: the Emperor Triumphant (Justinian?),1899.0,48.8606111,2.337644,https://www.louvre.fr/sites/default/files/imagecache/140x87/medias/medias_images/images/louvre-feuillet-diptyque-cinq-parties.jpg?1527828696
L'impГ©ratrice Livie,1860.0,48.8606111,2.337644,https://www.louvre.fr/sites/default/files/imagecache/140x87/medias/medias_images/images/louvre-l039imperatrice-livie.jpg?1527817041
"Portrait of Louis XIV (1638-1715), King of France",7492.0,48.8606111,2.337644,https://www.louvre.fr/sites/default/files/imagecache/140x87/medias/medias_images/images/louvre-louis-xiv-1638-1715.jpg?1527831687
The emperor Marcus Aurelius,1807.0,48.8606111,2.337644,https://www.louvre.fr/sites/default/files/imagecache/140x87/medias/medias_images/images/louvre-l039empereur-marc-aurele.jpg?1492574613
Box mirror: portrait of Louis XIII,1986.0,48.8606111,2.337644,https://www.louvre.fr/sites/default/files/imagecache/140x87/medias/medias_images/images/louvre-miroir-ouvrant-portrait-louis.jpg?1527827506
"Portrait of Alexander the Great (356-323 BC), called ""Hermes Azara""",1803.0,48.8606111,2.337644,https://www.louvre.fr/sites/default/files/imagecache/140x87/medias/medias_images/images/louvre-portrait-alexander-great-356.jpg?1527824023
Queen Tiy next to King Amenhotep III,1962.0,48.8606111,2.337644,https://www.louvre.fr/sites/default/files/imagecache/140x87/medias/medias_images/images/louvre-reine-tiy-aux-cotes.jpg?1527829507
The emperor Septimus Severus,1851.0,48.8606111,2.337644,https://www.louvre.fr/sites/default/files/imagecache/140x87/medias/medias_images/images/louvre-l039empereur-septime-severe.jpg?1527824729
Parure of Queen Marie-AmГ©lie,1985.0,48.8606111,2.337644,https://www.louvre.fr/sites/default/files/imagecache/140x87/medias/medias_images/images/louvre-parure-reine-marie-amelie.jpg?1527828778
L'empereur Trajan,1815.0,48.8606111,2.337644,https://www.louvre.fr/sites/default/files/imagecache/140x87/medias/medias_images/images/louvre-l039empereur-trajan.jpg?1527817034
L'empereur TibГЁre,1888.0,48.8606111,2.337644,https://www.louvre.fr/sites/default/files/imagecache/140x87/medias/medias_images/images/louvre-l039empereur-tibere.jpg?1527817033
