,0
0,Category:Archaeological artefact types
1,Category:Ancient pottery
2,Category:Ancient Greek pottery
3,Category:Amphorae
4,Category:Panathenaic amphorae
5,Category:Ancient Greek pot shapes
6,Category:Ancient Greek potters
7,Category:Ancient Greek vase painters
8,Category:Attic pottery
9,Category:Ancient Greek pottery figurines
10,Category:Scholars of ancient Greek pottery
11,Category:Ancient Greek vase-painting styles
12,Category:Ancient Greek vases
13,Category:Individual ancient Greek vases
14,Category:Ancient Greek vase painting
15,Category:Ancient Roman pottery
16,Category:Romano-British pottery
17,Category:Etruscan ceramics
18,Category:Illyrian pottery
19,Category:Linear Pottery culture
20,Category:Minoan vase painting
21,Category:Pre-Columbian pottery
22,Category:Archaeological palettes
23,Category:Ancient Egyptian palettes
24,Category:Clay tablets
25,Category:Amarna letters
26,"Category:Kingdoms (Great Kings), countries, & regions Amarna letters"
27,Category:Alashiya (Cypress) Amarna letters
28,Category:Assyria (Ashur-uballit I) Amarna letters
29,Category:Mitanni (King Tushratta) Amarna letters
30,Category:Vassal city-state & miscellaneous Amarna letters
31,Category:Abimilku letters (island Tyre/Ṣurru)
32,Category:Ayyab of Ashtartu letter to Pharaoh (EA 364)
33,Category:Aziru (from Amurru kingdom) Amarna letters sub-corpus
34,Category:City-state Amarna letters to Pharaoh (cities Irqata & Tunip)
35,Category:Endaruta of Achshaph (Akšapa) Amarna letters
36,Category:Jerusalem letters
37,Category:Labaya of Shechem (Šakmu) Amarna letters
38,Category:Milkilu of Gezer Amarna letters
39,Category:Rib-Hadda letters
40,Category:Yapahu of Gazru Amarna letters
41,Category:Yidya of Ašqaluna (Ashkelon) Amarna letters
42,"Category:Cuneiform signs, Amarna letters"
43,Category:Amarna greeting letters
44,Category:Amarna letters locations
45,Category:Amarna letters officials
46,Category:Amarna letters writers
47,Category:Enûma Eliš
48,Category:Epic of Gilgamesh
49,Category:Curse tablets
50,Category:Egyptian artefact types
51,Category:Assyrian stelas
52,Category:Decorative maceheads
53,Category:Mummies
54,Category:Ancient Egyptian mummies
55,Category:Bog bodies
56,Category:Guanche mummies
57,Category:Mummies in fiction
58,Category:Fictional mummies
59,Category:Mummy films
60,Category:The Mummy (franchise)
61,Category:The Scorpion King films
62,Category:Tarim mummies
63,Category:Ostracon
64,Category:Egyptian papyri
65,Category:Amherst papyri
66,Category:Egyptian papyri containing images
67,Category:Oxyrhynchus papyri
68,Category:Oxyrhynchus papyri vol. I
69,Category:Oxyrhynchus papyri vol. II
70,Category:Oxyrhynchus papyri vol. III
71,Category:Oxyrhynchus papyri vol. IV
72,Category:Oxyrhynchus papyri vol. V
73,Category:Oxyrhynchus papyri vol. VI
74,Category:Oxyrhynchus papyri vol. VII
75,Category:Oxyrhynchus papyri vol. VIII
76,Category:Oxyrhynchus papyri vol. IX
77,Category:Oxyrhynchus papyri vol. X
78,Category:Oxyrhynchus papyri vol. XI
79,Category:Oxyrhynchus papyri vol. XII
80,Category:Oxyrhynchus papyri vol. XIII
81,Category:Oxyrhynchus papyri vol. XV
82,Category:Oxyrhynchus papyri vol. XVIII
83,Category:Oxyrhynchus papyri vol. XXII
84,Category:Oxyrhynchus papyri vol. XXIV
85,Category:Oxyrhynchus papyri vol. XXXIV
86,Category:Oxyrhynchus papyri vol. XLI
87,Category:Oxyrhynchus papyri vol. XLII
88,Category:Oxyrhynchus papyri vol. L
89,Category:Oxyrhynchus papyri vol. LVIII
90,Category:Oxyrhynchus papyri vol. LXIV
91,Category:Oxyrhynchus papyri vol. LXV
92,Category:Oxyrhynchus papyri vol. LXVI
93,Category:Oxyrhynchus papyri vol. LXXI
94,Category:Oxyrhynchus papyri vol. LXXII
95,Category:Oxyrhynchus papyri vol. LXXIII
96,Category:Oxyrhynchus papyri vol. LXXIV
97,Category:Oxyrhynchus papyri vol. LXXVII
98,Category:Ancient Egyptian stelas
99,Category:Human remains (archaeological)
100,Category:Historical people who were forensically reconstructed
101,Category:Homo fossils
102,Category:Homo erectus fossils
103,Category:Homo ergaster fossils
104,Category:Homo habilis fossils
105,Category:Homo heidelbergensis fossils
106,Category:Homo sapiens fossils
107,Category:Mesolithic Homo sapiens fossils
108,Category:Upper Paleolithic Homo sapiens fossils
109,Category:Oldest human remains in the Americas
110,Category:Neanderthal fossils
111,Category:Pompeii (ancient city)
112,Category:People from Pompeii (ancient city)
113,Category:Poppaea Sabina
114,Category:Cultural depictions of Poppaea Sabina
115,Category:Pompeii in popular culture
116,Category:Films based on The Last Days of Pompeii
117,Category:Temples of Pompeii
118,Category:Villas of Pompeii
119,Category:Lithics
120,Category:Hardstone carving
121,Category:Crystal skull
122,Category:Engraved gem artists
123,Category:Fabergé eggs
124,Category:Fabergé eggs of the Royal Collection of the United Kingdom
125,Category:Imperial Fabergé eggs
126,Category:Kelch Fabergé eggs
127,Category:Lost Fabergé eggs
128,Category:Fabergé workmasters
129,Category:Gemstone cutting
130,Category:Diamond cutting
131,Category:Individual hardstone carvings
132,Category:Roman Empire cameos
133,Category:Jade
134,Category:Projectile points
135,Category:Prehistoric art
136,Category:Art of the Upper Paleolithic
137,Category:Rock art of the Iberian Mediterranean Basin
138,Category:Venus figurines
139,Category:Venus of Willendorf
140,Category:Australian Aboriginal art
141,Category:Australian Aboriginal artists
142,Category:Rock art in Australia
143,Category:Prehistoric objects in the British Museum
144,Category:Bronze Age art
145,Category:Bronze Age gold hats
146,Category:Aegean art of the Bronze Age
147,Category:Cycladic art
148,Category:Minoan art
149,Category:Minoan frescos
150,Category:Mycenaean art
151,Category:Shang dynasty bronzeware
152,Category:Torcs
153,Category:Treasure troves of Bronze Age Britain
154,Category:Cave paintings
155,Category:Caves containing pictograms
156,Category:Caves containing pictograms in France
157,Category:Caves containing pictograms in India
158,Category:Caves containing pictograms in Spain
159,Category:Works about cave paintings
160,Category:Celtic art
161,Category:Celtic brooches
162,Category:Celtic crosses
163,Category:Insular art
164,Category:Hiberno-Saxon manuscripts
165,Category:Bede manuscripts
166,Category:High crosses
167,Category:High crosses by country
168,Category:High crosses in England
169,Category:High crosses in Ireland
170,Category:High crosses in the Republic of Ireland
171,Category:High crosses in Northern Ireland
172,Category:High crosses in Scotland
173,Category:Pictish art
174,Category:Pictish stones
175,Category:Pictish inscriptions
176,Category:Pictish stones in Aberdeenshire
177,Category:Pictish stones in Angus
178,Category:Pictish stones in Highland (council area)
179,Category:Symbols on Pictish stones
180,Category:Iron Age art of Europe
181,Category:Bracteates
182,Category:Germanic art
183,Category:Anglo-Saxon art
184,Category:Anglo-Saxon architecture
185,Category:Standing Anglo-Saxon buildings
186,Category:Standing Anglo-Saxon churches
187,Category:Churches with elements of Anglo-Saxon work
188,Category:Castles in England built before 1066
189,Category:Anglo-Saxon artists
190,Category:Later Anglo-Saxon illuminated manuscripts
191,Category:Carolingian art
192,Category:Carolingian architecture
193,Category:Abbey of Saint Gall
194,Category:Abbots of Saint Gall
195,Category:Abbey library of Saint Gall
196,Category:Manuscripts of the Abbey library of Saint Gall
197,Category:Monks at Saint Gall
198,Category:Carolingian illuminated manuscripts
199,Category:Carolingian psalters
200,Category:Lombard art
201,Category:Lombard architecture
202,Category:Lombard books
203,Category:Lombard sculpture
204,Category:Lombard sculptures
205,Category:Merovingian art
206,Category:Merovingian architecture
207,Category:Ostrogothic art
208,Category:Viking Age art
209,Category:Picture stones
210,Category:Rune- and picture stones on Gotland
211,Category:Runestones
212,Category:Runestones by country
213,Category:Runestones in Denmark
214,Category:Runestones on the Faroe Islands
215,Category:Runestones in Finland
216,Category:Runestones in Germany
217,Category:Runestones in Norway
218,Category:Runestones in Sweden
219,Category:Runestones in Blekinge
220,Category:Haþuwulf's runestones
221,Category:Runestones in Bohuslän
222,Category:Runestones in Gästrikland
223,Category:Runestones in Hälsingland
224,Category:Runestones in Jämtland
225,Category:Runestones in Medelpad
226,Category:Runestones in Närke
227,Category:Runestones in Öland
228,Category:Runestones in Östergötland
229,Category:Runestones in Scania
230,Category:Runestones in Småland
231,Category:Runestones in Södermanland
232,Category:Runestones in Uppland
233,"Category:Runestones, Estrid"
234,"Category:Runestones, Gerlög and Inga"
235,Category:Runestones in Värmland
236,Category:Runestones in Västergötland
237,Category:Runestones in Västmanland
238,Category:Runemasters
239,Category:Danish Runic Inscriptions
240,Category:North American runestone hoaxes
241,Category:Runestones in memory of Viking warriors
242,Category:Runestones raised in memory of women
243,Category:Visigothic art
244,Category:Visigothic buildings and structures
245,Category:Illyrian art
246,Category:Illyrian archeological sites and structures in Bosnia and Herzegovina
247,Category:Prehistoric art in France
248,Category:Rock art in France
249,Category:Geoglyphs
250,Category:Hill figures
251,Category:Hill figures in Canada
252,Category:Hill figures in the United Kingdom
253,Category:Hill figures in England
254,Category:White horses in England
255,Category:Hill figures in Scotland
256,Category:Hill figures in the United States
257,Category:Prehistoric art in Germany
258,Category:Hittite art
259,Category:Iron Age art
260,Category:Iron Age Greek art
261,Category:Petroglyphs
262,Category:Cross symbols
263,Category:Crosses in art
264,Category:Flags with crosses
265,Category:Blue Ensigns
266,Category:Nordic Cross flags
267,Category:Red Ensigns
268,Category:Saltire flags
269,Category:Christian crosses
270,Category:Crosses by culture
271,Category:Crosses by form
272,Category:Crucifixes
273,Category:Crux gemmata
274,Category:Forked crosses
275,Category:Stone crosses
276,Category:Stone crosses in Asia
277,Category:Stone crosses in Continental Europe
278,Category:Stone crosses in the United Kingdom
279,Category:Crosses by function
280,Category:Altar crosses
281,Category:Crucifixion
282,Category:Crucifixion of Jesus
283,Category:Crucifixion of Jesus in art
284,Category:Calvaries in Brittany
285,Category:Calvary
286,Category:Denial of the crucifixion of Jesus
287,Category:Entombment of Christ
288,Category:Entombment of Christ in art
289,Category:Stations of the Cross
290,Category:Stigmatics
291,Category:People executed by crucifixion
292,Category:Twenty-six Martyrs of Japan
293,Category:Memorial crosses
294,Category:Monumental crosses
295,Category:Monumental crosses by country
296,Category:Monumental crosses in Canada
297,Category:Monumental crosses in the United Kingdom
298,Category:Monumental crosses in England
299,Category:Market crosses in England
300,Category:Monumental crosses in Scotland
301,Category:Monumental crosses in the United States
302,Category:Pendant crosses
303,Category:Processional crosses
304,Category:Reliquary crosses
305,Category:Rood crosses
306,Category:Wayside crosses
307,Category:Individual crosses and crucifixes
308,Category:Coats of arms with crosses
309,Category:Coats of arms with saltires
310,Category:Crossroads mythology
311,Category:Crux (constellation)
312,Category:Southern Cross flags
313,Category:Crosses in heraldry
314,Category:Swastika
315,Category:Petroglyphs in North America
316,Category:Petroglyphs in Canada
317,Category:Petroglyphs in Mexico
318,Category:Petroglyphs in the United States
319,Category:Petroglyphs in Puerto Rico
320,Category:Petroglyphs in Alaska
321,Category:Petroglyphs in Arizona
322,Category:Hohokam rock art sites
323,Category:Petroglyphs in California
324,Category:Petroglyphs in Georgia (U.S. state)
325,Category:Petroglyphs in Illinois
326,Category:Petroglyphs in Kentucky
327,Category:Petroglyphs in Massachusetts
328,Category:Petroglyphs in Michigan
329,Category:Petroglyphs in Minnesota
330,Category:Petroglyphs in Missouri
331,Category:Petroglyphs in Montana
332,Category:Petroglyphs in Nevada
333,Category:Petroglyphs in New Mexico
334,Category:Petroglyphs in North Carolina
335,Category:Petroglyphs in North Dakota
336,Category:Petroglyphs in Ohio
337,Category:Petroglyphs in Oregon
338,Category:Petroglyphs in Pennsylvania
339,Category:Petroglyphs in Tennessee
340,Category:Petroglyphs in Utah
341,Category:Petroglyphs in Vermont
342,Category:Petroglyphs in the U.S. Virgin Islands
343,Category:Petroglyphs in Washington (state)
344,Category:Petroglyphs in West Virginia
345,Category:Petroglyphs in Wisconsin
346,Category:Petroglyphs in Wyoming
347,Category:Petroglyphs in Norway
348,Category:Petroglyphs in South America
349,Category:Prehistoric art in Portugal
350,Category:Rock art in Portugal
351,Category:Rock art
352,Category:Rock art by continent
353,Category:Rock art in Africa
354,Category:Saharan rock art
355,Category:Rock art in Asia
356,Category:Ancient Near East steles
357,Category:Kudurru boundary stones
358,Category:Buddhist caves
359,Category:Chinese Buddhist grottoes
360,Category:Buddhist grottoes in Gansu
361,Category:Rock art in China
362,Category:Rock reliefs in China
363,Category:Rock art in India
364,Category:Rock reliefs in India
365,Category:Rock art in Europe
366,Category:Rock art in Bosnia and Herzegovina
367,Category:Rock art in Spain
368,Category:Rock art in North America
369,Category:Ancient Pueblo peoples rock art
370,Category:Great Basin rock art
371,Category:Mesoamerican stelae
372,Category:Rock art of the Chumash people
373,Category:Rock art of Oceania
374,Category:Rock art in South America
375,Category:Rock reliefs
376,Category:Rock reliefs in Egypt
377,Category:Rock reliefs in Iran
378,Category:Behistun Inscription
379,Category:Naqsh-e Rustam
380,Category:Rock reliefs in Turkey
381,Category:Stone circles
382,Category:Stone circles in Asia
383,Category:Stone circles in India
384,Category:Stone circles in Australia
385,Category:Stone circles in Europe
386,Category:Stone circles in Ireland
387,Category:Stone circles in Northern Ireland
388,Category:Stone circles in the United Kingdom
389,Category:Stone circles in England
390,Category:Stone circles in Cornwall
391,Category:Stone circles in Cumbria
392,Category:Stone circles in Derbyshire
393,Category:Stone circles in Devon
394,Category:Stone circles in Dorset
395,Category:Stone circles in Oxfordshire
396,Category:Stone circles in Shropshire
397,Category:Stone circles in Scotland
398,Category:Lists of stone circles in Scotland
399,Category:Stone circles in Aberdeenshire
400,Category:Stone circles in Angus
401,Category:Stone circles in Argyll and Bute
402,Category:Stone circles in Dumfries and Galloway
403,Category:Stone circles in Na h-Eileanan Siar
404,Category:Stone circles in North Ayrshire
405,Category:Stone circles in Orkney
406,Category:Stone circles in Perth and Kinross
407,Category:Stone circles in Shetland
408,Category:Stone circles in Stirling (council area)
409,Category:Stone circles in Moray
410,Category:Stone circles in the Scottish Borders
411,Category:Stone circles in Wales
412,Category:Prehistoric sculpture
413,Category:Sculpture of the Ancient Near East
414,Category:Prehistoric art in Switzerland
415,Category:Prehistoric art in Turkey
416,Category:Steles
417,Category:3rd-millennium BC steles
418,Category:24th-century BC steles
419,Category:25th-century BC steles
420,Category:2nd-millennium BC steles
421,Category:16th-century BC steles
422,Category:15th-century BC steles
423,Category:13th-century BC steles
424,Category:12th-century BC steles
425,Category:1st-millennium BC steles
426,Category:9th-century BC steles
427,Category:8th-century BC steles
428,Category:7th-century BC steles
429,Category:4th-century BC steles
430,Category:3rd-century BC steles
431,Category:2nd-century BC steles
432,Category:Steles in Turkey
433,Category:Axumite steles
434,Category:Axumite obelisks
435,Category:Chinese steles
436,Category:Coats of arms with steles
437,Category:Funerary steles
438,Category:Korean steles
439,Category:Obelisks
440,Category:Obelisks by country
441,Category:Obelisks in Argentina
442,Category:Obelisks in Australia
443,Category:Obelisks in Sydney
444,Category:Obelisks in Canada
445,Category:Obelisks in China
446,Category:Obelisks in Denmark
447,Category:Obelisks in Ethiopia
448,Category:Obelisks in France
449,Category:Obelisks in Germany
450,Category:Obelisks in the Republic of Ireland
451,Category:Obelisks in Italy
452,Category:Obelisks in Florence
453,Category:Obelisks in Rome
454,Category:Obelisks in the Netherlands
455,Category:Obelisks in Norway
456,Category:Obelisks in Pakistan
457,Category:Obelisks in Portugal
458,Category:Obelisks in Romania
459,Category:Obelisks in Russia
460,Category:Obelisks in Singapore
461,Category:Obelisks in Spain
462,Category:Obelisks in Turkey
463,Category:Obelisks in Istanbul
464,Category:Obelisks in the United Kingdom
465,Category:Obelisks in England
466,Category:Obelisks in Scotland
467,Category:Obelisks in the United States
468,Category:Ancient obelisks
469,Category:Ancient Egyptian obelisks
470,Category:Lists of obelisks
471,Category:Victory steles
472,Category:Votive offering
473,Category:Votive churches
474,Category:Archaeological artifacts by century
475,Category:4th-century BC artefacts
476,Category:1st-century artifacts
477,Category:2nd-century artifacts
478,Category:3rd-century artifacts
479,Category:4th-century artefacts
480,Category:7th-century artifacts
481,Category:9th-century artifacts
482,Category:10th-century artifacts
483,Category:11th-century artifacts
484,Category:14th-century artefacts
485,Category:Archaeological discoveries by continent
486,Category:Archaeological discoveries in Africa
487,Category:Archaeological discoveries in Egypt
488,Category:Archaeological discoveries in Ethiopia
489,Category:Archaeological discoveries in South Africa
490,Category:Archaeological discoveries in Tanzania
491,Category:American Indian relics
492,Category:Native American pottery
493,Category:Native American potters
494,Category:Pueblo ceramics
495,Category:Archaeological discoveries in Asia
496,Category:Archaeological artifacts of China
497,Category:Bamboo and wooden slips
498,Category:Zhou dynasty bronzeware
499,Category:Archaeological discoveries in Iran
500,Category:Archaeological discoveries in Iraq
501,Category:Archaeological discoveries in Israel
502,Category:Archaeological discoveries in Jordan
503,Category:Archaeological discoveries in Russia
504,Category:Archaeological discoveries in Syria
505,"Category:Archaeological discoveries in Mari, Syria"
506,Category:Archaeological discoveries in Ugarit
507,Category:Archaeological discoveries in Turkey
508,Category:Treasure troves of Turkey
509,Category:Archaeological discoveries in Europe
510,Category:Archaeological discoveries in Austria
511,Category:Archaeological discoveries in Bulgaria
512,Category:Archaeological discoveries in Croatia
513,Category:Archaeological discoveries in Cyprus
514,Category:Archaeological discoveries in the Czech Republic
515,Category:Archaeological discoveries in Denmark
516,Category:Archaeological discoveries in Finland
517,Category:Archaeological discoveries in France
518,Category:Archaeological discoveries in Germany
519,Category:Treasure troves of Germany
520,Category:Archaeological discoveries in Greece
521,Category:Archaeological discoveries in Italy
522,Category:Etruscan artefacts
523,Category:Collections of the Villa Giulia
524,Category:Etruscan sculptures
525,Category:Etruscan sculptures of the Louvre
526,Category:Treasure troves of Italy
527,Category:Archaeological discoveries in Malta
528,Category:Minoan archaeological artifacts
529,Category:Archaeological discoveries in the Netherlands
530,Category:Archaeological discoveries in Portugal
531,Category:Archaeological discoveries in Slovakia
532,Category:Archaeological discoveries in Slovenia
533,Category:Archaeological discoveries in Spain
534,Category:Treasure troves of Spain
535,Category:Archaeological discoveries in Sweden
536,Category:Archaeological discoveries in Switzerland
537,Category:Archaeological discoveries in Ukraine
538,Category:Archaeological discoveries in the United Kingdom
539,Category:Archaeological artefacts from the River Thames
540,Category:Treasure troves in the United Kingdom
541,Category:Treasure troves in England
542,Category:Lists of hoards in Britain
543,Category:Treasure troves in Northern Ireland
544,Category:Treasure troves of Roman Britain
545,Category:Treasure troves in Scotland
546,Category:Treasure troves in Wales
547,Category:Mesoamerican artifacts
548,Category:Aztec artifacts
549,Category:Archaeological discoveries in South America
550,Category:Archaeological discoveries in Peru
551,Category:Archaeological theft
552,Category:Nazi-looted art
553,Category:Archaeological artefact groups
554,Category:Earliest known manuscripts by language
555,Category:Indo-European archaeological artifacts
556,Category:Celtic archaeological artifacts
557,Category:Germanic archaeological artifacts
558,Category:Germanic weapons
559,Category:Viking swords
560,Category:Runic inscriptions
561,Category:Elder Futhark inscriptions
562,Category:Alu (runic)
563,Category:Rovas script
564,Category:Stave churches
565,Category:Stave churches in Norway
566,Category:Replica of stave churches
567,Category:Replica of stave churches in Sweden
568,Category:Stave churches in Sweden
569,Category:Viking ship burials
570,Category:Viking ships
571,Category:Viking ship replicas
572,Category:Viking treasure troves
573,Category:Iranian archaeological artifacts
574,Category:Italic archaeological artifacts
575,Category:Thracian archaeological artifacts
576,Category:Dacian weapons
577,Category:Message artifacts
578,Category:Contents of the Voyager Golden Record
579,Category:Metal detecting finds
580,Category:Metal detecting finds in the Channel Islands
581,Category:Metal detecting finds in Ireland
582,Category:Metal detecting finds in the United Kingdom
583,Category:Metal detecting finds in England
584,Category:Metal detecting finds in Scotland
585,Category:Metal detecting finds in Wales
586,Category:Metal detecting finds in United States
587,Category:Out-of-place artifacts
588,Category:Pre-1606 contact with Australia
589,Category:Pre-Columbian trans-oceanic contact
590,Category:Norse colonization of North America
591,Category:Viking Age in Canada
592,Category:Vinland
593,Category:Former populated places in Greenland
594,Category:Ghost towns in Greenland
595,Category:Ruins in Greenland
596,Category:Treasure troves
597,Category:Treasure troves by continent
598,Category:Treasure troves of North America
599,Category:Treasure troves of the United States
600,Category:Treasure troves of Asia
601,Category:Treasure troves of Azerbaijan
602,Category:Treasure troves of India
603,Category:Treasure troves of South Korea
604,Category:Treasure troves in Ukraine
605,Category:Treasure troves of Europe
606,Category:Treasure troves of Medieval Europe
607,Category:Treasure troves in Jersey
608,Category:Treasure troves of Belgium
609,Category:Treasure troves of Belarus
610,Category:Treasure troves in Bulgaria
611,Category:Treasure troves of France
612,Category:Treasure troves in Hungary
613,Category:Treasure troves in Ireland
614,Category:Treasure troves in the Republic of Ireland
615,Category:Treasure troves of Poland
616,Category:Treasure troves in Romania
617,Category:Treasure troves in Russia
618,Category:Treasure troves in Slovakia
619,Category:Treasure troves by country
620,Category:Treasure troves in Denmark
621,Category:Treasure troves by period
622,Category:Treasure troves of the Bronze Age
623,Category:Treasure troves of classical antiquity
624,Category:Treasure troves of the Iron Age
625,Category:Treasure troves of Late Antiquity
626,Category:Hoards of jewellery

